# NumOS 16 MB flash layout — dual application slots (OTA-capable), 2.9375 MiB LittleFS.
#
# OTA is now a first-class workflow (owner call, 2026-10-05): the device checks
# GitHub Releases, downloads a single app image, writes it to the spare slot and
# reboots. That RELIES on a dual-bank table — esp_ota cannot rewrite the running
# partition — so this table reintroduces app1 + otadata and splits the app budget.
#
# Layout (every byte of the 16 MiB accounted for):
#
#   0x000000  32 KiB  bootloader        (written by esptool, not a partition)
#   0x008000   4 KiB  partition table   (written by esptool, not a partition)
#   nvs        0x9000    20 KiB  (shrunk back from 28 KiB to make room for otadata)
#   otadata    0xE000     8 KiB  OTA slot selector
#   app0       0x10000  6.5 MiB  firmware slot A (subtype ota_0)
#   app1       0x690000 6.5 MiB  firmware slot B (subtype ota_1)
#   spiffs     0xD10000 2.9375 MiB  LittleFS — mounted by its "spiffs" label
#
#   20 + 8 + 6656 + 6656 + 3008 KiB = 16,348 KiB, plus the 32 KiB bootloader and
#   the 4 KiB partition table = 16,384 KiB = 16 MiB. Nothing is unallocated.
#
# WHY 6.5 MiB PER SLOT:
#
#   * app0 MUST start at 0x10000. PlatformIO's esptool uploader hardcodes the
#     app offset, and ESP-IDF requires an app partition to be 64 KiB aligned for
#     MMU mapping.
#   * The firmware measured 5,793,581 bytes on 2026-10-03 under the old 6 MiB
#     slot (94.4 %, ~470 KiB headroom). 6.5 MiB (0x680000) gives the same image
#     ~85 % occupancy (~977 KiB headroom) while keeping two full banks, which is
#     what OTA costs.
#   * Trading the old single 8 MiB slot + 7.94 MiB filesystem for 2x6.5 MiB
#     banks + 2.9375 MiB filesystem is the OTA tax. The SD card remains DOA, so
#     LittleFS is still the only user-writable store; pick the swap below if that
#     proves too tight.
#
# SWAP POINTS (do NOT drop a feature to make it fit):
#
#   2 x 6.5 MiB / spiffs 2.9375 MiB: app0 0x10000, 0x680000; app1 0x690000, 0x680000; spiffs 0xD10000, 0x2F0000
#   2 x 7.0 MiB / spiffs 1.9375 MiB: app0 0x10000, 0x700000; app1 0x710000, 0x700000; spiffs 0xE10000, 0x1F0000
#
# Every size here is mirrored in boards/*.json (`upload.maximum_size`),
# scripts/check-production-target.py and scripts/production_factory_image.py.
# Flashing a table change repartitions flash and WIPES LittleFS, so any user
# ROMs and saved answers go with it. Treat this as a one-way move on a unit
# already in the field; a USB reflash of this table is the ONE-TIME step that
# makes future over-the-air updates possible. (`pio run -t uploadfs` is needed
# once after this change for the new filesystem size to be visible.)
# Name,   Type, SubType, Offset,   Size,     Flags
nvs,      data, nvs,     0x9000,   0x5000,
otadata,  data, ota,     0xE000,   0x2000,
app0,     app,  ota_0,   0x10000,  0x680000,
app1,     app,  ota_1,   0x690000, 0x680000,
spiffs,   data, spiffs,  0xD10000, 0x2F0000,
